{
  "timestamp": "2026-06-15T02:28:00Z",
  "nodes": 42,
  "edges": 650,
  "fiedler_value": 8.19610089113759,
  "disconnected_components": 1,
  "integration_gaps": 211,
  "vulnerability_ranking": [
    [
      "evez-openclaw-android",
      0.10726570358396688
    ],
    [
      "evez-station-android",
      0.10726570358396688
    ],
    [
      "evez-math-surpasser",
      0.07929331465629594
    ],
    [
      "evez-cipher",
      0.07260016054379104
    ],
    [
      "evez-api-gateway",
      0.051712559203079045
    ],
    [
      "vortexq-api",
      0.05121992145515338
    ],
    [
      "evez-openclaw-pwa",
      0.050719107093675476
    ],
    [
      "quantumseal-api",
      0.04424328227710652
    ],
    [
      "evez-cognition-api",
      0.04374800835316742
    ],
    [
      "nexuslink-api",
      0.04280120820134756
    ],
    [
      "freeclaw",
      0.04047094772255434
    ],
    [
      "evez-atlas",
      0.03892311112144775
    ],
    [
      "evez-meshnet",
      0.03683319849332631
    ],
    [
      "spectrumscan-api",
      0.03415593559657044
    ],
    [
      "evez-health-aggregator",
      0.0336038233130563
    ],
    [
      "evez-landing",
      0.032869363609866475
    ],
    [
      "evez-lord",
      0.03242911711425641
    ],
    [
      "meshpulse-api",
      0.03112779699123194
    ],
    [
      "quantum-consciousness-lord",
      0.029639402907642404
    ],
    [
      "evez-guard",
      0.02762137012546544
    ],
    [
      "evez-factory",
      0.027268172285971917
    ],
    [
      "evez-sentinel",
      0.026071224661536368
    ],
    [
      "evez-dashboard",
      0.022804895584130517
    ],
    [
      "evez-commerce",
      0.022576579722131018
    ],
    [
      "evez-cloud",
      0.022217384021443912
    ],
    [
      "evez-promptforge",
      0.02192903143103939
    ],
    [
      "evez-autonomous-ledger",
      0.02154209431814898
    ],
    [
      "disclosure.tools",
      0.021002258523494348
    ],
    [
      "criticalmind-omega",
      0.01796650786822136
    ],
    [
      "evezstation",
      0.01737047974388072
    ],
    [
      "lord-evez",
      0.016312779002377247
    ],
    [
      "evezart.github.io",
      0.016043392880758366
    ],
    [
      "evez-mesh",
      0.01504172454825099
    ],
    [
      "evez-osint-engine",
      0.014705617193169047
    ],
    [
      "evez-vcl",
      0.012610849131325423
    ],
    [
      "evez-bot",
      0.011694315110088307
    ],
    [
      "clawbreak",
      0.011398594875466612
    ],
    [
      "evez-cli",
      0.009878575901528384
    ],
    [
      "evez-engine",
      0.008161911748497447
    ],
    [
      "evez-ecosystem",
      0.006212509948905025
    ],
    [
      "evez-claw",
      0.006152746756869613
    ],
    [
      "evez-api",
      0.0
    ]
  ],
  "eigenvalues": [
    -5.005943854564483e-15,
    8.19610089113759,
    8.350000000000001,
    11.53412586055312,
    12.069501418478701,
    17.14032957018515,
    17.712266563959083,
    18.641558013303186,
    20.19187431029596,
    21.71997242895149,
    21.892674160110918,
    22.081449151648112,
    23.04056999204896,
    25.28305571457837,
    26.295963150568877,
    27.50948230769725,
    28.37665230111438,
    30.02598868294938,
    30.21923088929339,
    32.847360290447455,
    34.817910496561126,
    36.03840315711957,
    37.65006127784272,
    41.81944705111793,
    43.35518887605828,
    43.65883986011697,
    44.74626900795252,
    47.85290640506032,
    52.897036177570946,
    55.57441955725969,
    58.705013487411634,
    62.034682762992546,
    66.1129483920806,
    68.28277123328256,
    73.61965920143773,
    84.3421681309448,
    88.76870901215659,
    99.56992199496139,
    116.30807256678736,
    150.2403983604318,
    167.03309884427858,
    198.6439184492531
  ]
}