{
  "repos": 42,
  "eigenvalues": [
    -1.1636377147543914e-15,
    -6.314474553122745e-16,
    -4.693728735022183e-16,
    -3.300969568342519e-16,
    -3.0119103468127316e-16,
    -3.557617489544654e-17,
    8.077145257689299e-17,
    1.2925556115356934e-16,
    2.6798029569693885e-16,
    3.15745268401176e-16,
    6.740595522176104e-16,
    1.006580470545939e-15,
    0.12454880152649739,
    0.19098300562505277,
    0.21984333044751167,
    0.29971384638490045,
    0.4317121950299931,
    0.4999999999999995,
    0.4999999999999998,
    0.4999999999999999,
    0.5,
    0.5000000000000002,
    0.5899298430438664,
    0.7999999999999999,
    1.0312269628298179,
    1.1985644898834342,
    1.226837189551472,
    1.3000000000000007,
    1.3090169943749477,
    1.3398571581719245,
    1.3849583718820866,
    1.4917174455553888,
    1.6,
    1.6000000000000003,
    1.6000000000000008,
    1.9236456923283225,
    2.147864988281582,
    3.0952775932394485,
    3.434882697040342,
    3.846280619599224,
    4.173178670926375,
    6.539960104277817
  ],
  "fiedler": -6.314474553122745e-16,
  "phi": 1.0,
  "negative_eigenvalue_count": 0,
  "zero_eigenvalues": 12,
  "dominant_gap": 0,
  "repo_list": [
    "clawbreak",
    "criticalmind-omega",
    "disclosure.tools",
    "evez-api",
    "evez-api-gateway",
    "evez-atlas",
    "evez-autonomous-ledger",
    "evez-bot",
    "evez-cipher",
    "evez-claw",
    "evez-cli",
    "evez-cloud",
    "evez-cognition-api",
    "evez-commerce",
    "evez-dashboard",
    "evez-ecosystem",
    "evez-engine",
    "evez-factory",
    "evez-guard",
    "evez-health-aggregator",
    "evez-landing",
    "evez-lord",
    "evez-math-surpasser",
    "evez-mesh",
    "evez-meshnet",
    "evez-openclaw-android",
    "evez-openclaw-pwa",
    "evez-osint-engine",
    "evez-promptforge",
    "evez-sentinel",
    "evez-station-android",
    "evez-vcl",
    "evezart.github.io",
    "evezstation",
    "freeclaw",
    "lord-evez",
    "meshpulse-api",
    "nexuslink-api",
    "quantum-consciousness-lord",
    "quantumseal-api",
    "spectrumscan-api",
    "vortexq-api"
  ]
}